metric,n_elevated,n_low,mean_elevated,mean_low,t,p,cohen_d
rot_speed_avg_total,8,32,32.68049275,32.306573825,0.13047984331032567,0.8977887875673104,0.04500223006069746
circ_sd_mean,8,32,32.349234907500005,27.174543486270835,0.9231356086072897,0.38094329853352427,0.40382516547941705
